{"cameraMode":{"drawMode":0,"name":"Shaded","section":"Shading Mode"},"sceneLighting":true,"audioPlay":false,"sceneViewState":{"showFog":true,"showMaterialUpdate":false,"showSkybox":true,"showFlares":true,"showImageEffects":true,"showParticleSystems":true},"in2DMode":false,"pivot":{"x":-3.999999761581421,"y":-1.6391277313232423e-7,"z":0.1599999964237213},"rotation":{"x":0.6421324014663696,"y":0.017704157158732415,"z":-0.01483761053532362,"w":0.7662456035614014},"size":11.547019004821778,"orthographic":true}