{"cameraMode":{"drawMode":0,"name":"Shaded","section":"Shading Mode"},"sceneLighting":true,"audioPlay":false,"sceneViewState":{"showFog":true,"showMaterialUpdate":false,"showSkybox":true,"showFlares":true,"showImageEffects":true,"showParticleSystems":true},"in2DMode":false,"pivot":{"x":-0.022443294525146486,"y":1.7165882587432862,"z":1.9900171756744385},"rotation":{"x":0.6974684596061707,"y":0.0064492495730519299,"z":-0.006277336739003658,"w":0.716559112071991},"size":15.832684516906739,"orthographic":true}